{"schemaVersion":"1.0","appDefinitionTemplate":{"id":"/providers/Microsoft.PowerApps/apps/","type":"Microsoft.PowerApps/apps","tags":{"primaryDeviceWidth":"1366","primaryDeviceHeight":"768","sienaVersion":"20220209T162916Z-3.22013.7.0","deviceCapabilities":"","supportsPortrait":"true","supportsLandscape":"true","primaryFormFactor":"Tablet","publisherVersion":"3.22013.7","minimumRequiredApiVersion":"2.2.0","hasComponent":"true","hasUnlockedComponent":"true","isUnifiedRootApp":"false"},"properties":{"appVersion":"2022-02-09T16:29:16Z","lifeCycleId":"Published","createdByClientVersion":{"major":3,"minor":22013,"build":7,"revision":0,"majorRevision":0,"minorRevision":0},"minClientVersion":{"major":3,"minor":22013,"build":7,"revision":0,"majorRevision":0,"minorRevision":0},"backgroundColor":"RGBA(0,176,240,1)","backgroundImageUri":"/6675362035608123809/N1ed0b3ae-9de9-44f0-b73c-a67bdcb18c30-logoSmallFile","displayName":"leave-project","description":"","commitMessage":"","appUris":{"documentUri":{"value":"/6675362035608123809/N3e9178b7-a3ae-4202-8e96-0f613e04bb01-document.msapp"},"imageUris":[]},"createdTime":"0001-01-01T00:00:00Z","lastModifiedTime":"0001-01-01T00:00:00Z","sharedGroupsCount":0,"sharedUsersCount":0,"icons":{"smallIconUri":"/6675362035608123809/N229f7f59-56ff-458a-a7a3-b7645649b2ac-small.png","mediumIconUri":"/6675362035608123809/N396402ea-39fd-4e79-bc22-16df732248b0-medium.png","largeIconUri":"/6675362035608123809/N27b45687-9500-445f-8a54-9d03eb21e2c0-large.png","wideIconUri":"/6675362035608123809/N74b64a32-60e6-45ee-8db7-f49efc6af124-wide.png"},"connectionReferences":{"cb4db579-87c0-4dac-9c9c-05c1c88dcc9b":{"id":"cec97e1a-7128-494d-8fe6-081b3e6a19e9","displayName":"SharePoint","iconUri":"https://connectoricons-prod.azureedge.net/releases/v1.0.1549/1.0.1549.2680/sharepointonline/icon.png","dataSources":["Leave_Details","Leave_Information","Leave_Balance"],"dependencies":[],"dependents":[],"parameterHints":{},"parameterHintsV2":{},"isOnPremiseConnection":false,"bypassConsent":false,"dataSets":{"https://08m2x.sharepoint.com/sites/leave_development":{"dataSources":{"Leave_Details":{"tableName":"0a2239b3-85e2-48af-89e9-144cb2888d26"},"Leave_Information":{"tableName":"ac4605ab-c2ec-467a-bb7e-256080c1c46d"},"Leave_Balance":{"tableName":"29db1934-d9c0-4613-a1d2-900f726d3e29"}}}},"apiTier":"Standard","isCustomApiConnection":false,"actions":["providers/PowerPlatform.Governance/Operations/Read","providers/PowerPlatform.Governance/Operations/Write"]},"3a0c9796-7bfa-4e11-a292-1cb47c75a9af":{"id":"9fbf57fc-d4d2-49df-b191-b5ab5329a359","displayName":"Office 365 Users","iconUri":"https://connectoricons-prod.azureedge.net/releases/v1.0.1528/1.0.1528.2589/office365users/icon.png","dataSources":["Office365Users"],"dependencies":[],"dependents":[],"parameterHints":{},"parameterHintsV2":{},"isOnPremiseConnection":false,"bypassConsent":false,"dataSets":{},"apiTier":"Standard","isCustomApiConnection":false,"actions":["SearchUser"]}},"databaseReferences":{},"almMode":"Environment","performanceOptimizationEnabled":true,"canConsumeAppPass":true,"executionRestrictions":{"isTeamsOnly":false,"dataLossPreventionEvaluationResult":{"status":"Compliant","lastEvaluationDate":"2022-01-03T13:43:38.8458007Z","violations":[],"violationsByPolicy":[],"violationErrorMessage":"The app uses the following connectors: ."}}},"appType":"ClassicCanvasApp","appComponents":[]}}