{"schemaVersion":"1.0","appDefinitionTemplate":{"id":"/providers/Microsoft.PowerApps/apps/","type":"Microsoft.PowerApps/apps","tags":{"primaryDeviceWidth":"1366","primaryDeviceHeight":"85.33333333333333","sienaVersion":"20220119T134009Z-3.21123.25.0","deviceCapabilities":"","supportsPortrait":"true","supportsLandscape":"true","primaryFormFactor":"Tablet","publisherVersion":"3.21123.25","minimumRequiredApiVersion":"2.2.0","hasComponent":"true","hasUnlockedComponent":"true","isUnifiedRootApp":"false"},"properties":{"appVersion":"2022-01-19T13:40:09Z","lifeCycleId":"Published","createdByClientVersion":{"major":3,"minor":21123,"build":25,"revision":0,"majorRevision":0,"minorRevision":0},"minClientVersion":{"major":3,"minor":21123,"build":25,"revision":0,"majorRevision":0,"minorRevision":0},"backgroundColor":"RGBA(0,176,240,1)","backgroundImageUri":"/6675362035608123809/Necac084d-b266-4439-8a2d-fa50d5e6a62c-logoSmallFile","displayName":"leave-project","description":"","commitMessage":"","appUris":{"documentUri":{"value":"/6675362035608123809/N11e51bba-d03f-44b7-901e-708301496f76-document.msapp"},"imageUris":[]},"createdTime":"0001-01-01T00:00:00Z","lastModifiedTime":"0001-01-01T00:00:00Z","sharedGroupsCount":0,"sharedUsersCount":0,"icons":{"smallIconUri":"/6675362035608123809/N1bdc49ac-e324-482d-9ed9-765a961f98c7-small.png","mediumIconUri":"/6675362035608123809/Nde0a2378-a909-4fba-8bd7-b869ab5be990-medium.png","largeIconUri":"/6675362035608123809/N98fed170-352c-4792-a701-7eef3d84407b-large.png","wideIconUri":"/6675362035608123809/N81b5c30a-9531-4a2b-b4e6-916739d161d4-wide.png"},"connectionReferences":{"cb4db579-87c0-4dac-9c9c-05c1c88dcc9b":{"id":"cec97e1a-7128-494d-8fe6-081b3e6a19e9","displayName":"SharePoint","iconUri":"https://connectoricons-prod.azureedge.net/releases/v1.0.1539/1.0.1539.2620/sharepointonline/icon.png","dataSources":["Leave_Balance","Leave_Details"],"dependencies":[],"dependents":[],"parameterHints":{},"parameterHintsV2":{},"isOnPremiseConnection":false,"bypassConsent":false,"dataSets":{"https://08m2x.sharepoint.com/sites/leave_development":{"dataSources":{"Leave_Balance":{"tableName":"29db1934-d9c0-4613-a1d2-900f726d3e29"},"Leave_Details":{"tableName":"0a2239b3-85e2-48af-89e9-144cb2888d26"}}}},"apiTier":"Standard","isCustomApiConnection":false,"actions":["providers/PowerPlatform.Governance/Operations/Read","providers/PowerPlatform.Governance/Operations/Write"]},"3a0c9796-7bfa-4e11-a292-1cb47c75a9af":{"id":"9fbf57fc-d4d2-49df-b191-b5ab5329a359","displayName":"Office 365 Users","iconUri":"https://connectoricons-prod.azureedge.net/releases/v1.0.1542/1.0.1542.2635/office365users/icon.png","dataSources":["Office365Users"],"dependencies":[],"dependents":[],"parameterHints":{},"parameterHintsV2":{},"isOnPremiseConnection":false,"bypassConsent":false,"dataSets":{},"apiTier":"Standard","isCustomApiConnection":false,"actions":["SearchUser"]}},"databaseReferences":{},"almMode":"Environment","performanceOptimizationEnabled":true,"canConsumeAppPass":true,"executionRestrictions":{"isTeamsOnly":false,"dataLossPreventionEvaluationResult":{"status":"Compliant","lastEvaluationDate":"2022-01-03T13:43:38.8458007Z","violations":[],"violationsByPolicy":[],"violationErrorMessage":"The app uses the following connectors: ."}}},"appType":"ClassicCanvasApp","appComponents":[]}}